,precision,recall,f1-score,support
negative,0.7099236641221374,0.9946524064171123,0.8285077951002228,187.0
positive,0.9986431478968792,0.9064039408866995,0.9502905100064558,812.0
accuracy,0.9229229229229229,0.9229229229229229,0.9229229229229229,0.9229229229229229
macro avg,0.8542834060095084,0.9505281736519059,0.8893991525533393,999.0
weighted avg,0.9445985598429486,0.9229229229229229,0.9274943461551389,999.0
