precision,recall,f1-score,support
0.6298507462686567,0.854251012145749,0.7250859106529209,741.0
0.9235127478753541,0.7780429594272077,0.844559585492228,1676.0
0.8014067025237899,0.8014067025237899,0.8014067025237899,0.8014067025237899
0.7766817470720053,0.8161469857864783,0.7848227480725745,2417.0
0.8334823204071858,0.8014067025237899,0.807931537061973,2417.0
